{
  "DeepSeek-R1": {
    "n": 280,
    "correct": 182,
    "accuracy": 0.65,
    "resolves": 167,
    "resolves_pct": 0.5964285714285714,
    "conserv": 167,
    "conserv_pct": 0.5964285714285714,
    "mean_nov": 0.13948497854077252,
    "mean_rev": 0.0,
    "errors": {
      "correct": 135,
      "E2_derivation_failure": 66,
      "E1_decoder_failure": 47,
      "E5_strength_shortfall": 32
    }
  },
  "gpt-5.2-chat": {
    "n": 280,
    "correct": 133,
    "accuracy": 0.475,
    "resolves": 120,
    "resolves_pct": 0.42857142857142855,
    "conserv": 120,
    "conserv_pct": 0.42857142857142855,
    "mean_nov": 0.2262463768115942,
    "mean_rev": 0.0,
    "errors": {
      "E2_derivation_failure": 87,
      "correct": 103,
      "E1_decoder_failure": 73,
      "E5_strength_shortfall": 17
    }
  },
  "claude-sonnet-4-6": {
    "n": 280,
    "correct": 46,
    "accuracy": 0.16428571428571428,
    "resolves": 42,
    "resolves_pct": 0.15,
    "conserv": 42,
    "conserv_pct": 0.15,
    "mean_nov": 0.4434,
    "mean_rev": 0.0,
    "errors": {
      "E1_decoder_failure": 75,
      "E2_derivation_failure": 163,
      "correct": 34,
      "E5_strength_shortfall": 8
    }
  },
  "Kimi-K2.5": {
    "n": 267,
    "correct": 38,
    "accuracy": 0.14232209737827714,
    "resolves": 37,
    "resolves_pct": 0.13857677902621723,
    "conserv": 37,
    "conserv_pct": 0.13857677902621723,
    "mean_nov": 0.1062156862745098,
    "mean_rev": 0.0,
    "errors": {
      "E1_decoder_failure": 216,
      "correct": 37,
      "E2_derivation_failure": 14
    }
  }
}