{
  "biology": {
    "linear": {
      "slope": 0.09999999999999953,
      "intercept": 4.2700000000000005,
      "r_squared": 0.0014044943820224589,
      "p_value": 0.9522945026635831,
      "model": "Y = 0.10*delta + 4.27"
    },
    "logistic": {
      "L": 4.501203133212036,
      "k": 11.96538400266068,
      "x0": -0.026887786964390904,
      "r_squared": 0.1742047452747526,
      "model": "Logistic(L=4.50, k=11.97, x0=-0.03)"
    },
    "power_law": {
      "a": 4.535129276952705,
      "b": 0.05294826066213928,
      "r_squared": 0.058420586865398194,
      "model": "Y = 4.54 * delta^0.05"
    },
    "monotonicity": {
      "is_monotonic": false,
      "direction": "decreasing",
      "start": 3.7,
      "end": 3.3
    }
  },
  "legal": {
    "linear": {
      "slope": 1.4999999999999996,
      "intercept": 7.709999999999999,
      "r_squared": 0.8720930232558137,
      "p_value": 0.020215369747493103,
      "model": "Y = 1.50*delta + 7.71"
    },
    "logistic": null,
    "power_law": {
      "a": 8.936551403649345,
      "b": 0.059951950534320224,
      "r_squared": 0.7114363442133276,
      "model": "Y = 8.94 * delta^0.06"
    },
    "monotonicity": {
      "is_monotonic": true,
      "direction": "increasing",
      "start": 8.0,
      "end": 9.0
    }
  },
  "materials": {
    "linear": {
      "slope": -0.29999999999999977,
      "intercept": 5.409999999999999,
      "r_squared": 0.04787234042553186,
      "p_value": 0.723657353067019,
      "model": "Y = -0.30*delta + 5.41"
    },
    "logistic": {
      "L": 5.36831157026448,
      "k": -6.9719555988269875,
      "x0": 1.2608190998092688,
      "r_squared": 0.1506264864909228,
      "model": "Logistic(L=5.37, k=-6.97, x0=1.26)"
    },
    "power_law": {
      "a": 5.208128275861999,
      "b": -0.010593740680884716,
      "r_squared": 0.01277545207723485,
      "model": "Y = 5.21 * delta^-0.01"
    },
    "monotonicity": {
      "is_monotonic": false,
      "direction": "decreasing",
      "start": 5.3,
      "end": 5.0
    }
  }
}